IDech,typeVeg,rep,height,embase,cal_val,localisation
1,erica,h1,47,NA,cal,lab
1,erica,h2,41,NA,cal,lab
1,erica,h3,46,NA,cal,lab
1,erica,h4,44,NA,cal,lab
1,erica,h5,35,NA,cal,lab
1,erica,h6,44,NA,cal,lab
1,erica,h7,46,NA,cal,lab
1,erica,h8,37,NA,cal,lab
1,erica,h9,42,NA,cal,lab
1,erica,h10,40,NA,cal,lab
1,erica,h11,53,NA,cal,lab
1,erica,h12,49,NA,cal,lab
2,caluna,h1,79,NA,cal,lab
2,caluna,h2,53,NA,cal,lab
2,caluna,h3,44,NA,cal,lab
2,caluna,h4,56,NA,cal,lab
2,caluna,h5,75,NA,cal,lab
2,caluna,h6,60,NA,cal,lab
2,caluna,h7,54,NA,cal,lab
2,caluna,h8,59,NA,cal,lab
2,caluna,h9,64,NA,cal,lab
2,caluna,h10,69,NA,cal,lab
2,caluna,h11,61,NA,cal,lab
2,caluna,h12,48,NA,cal,lab
3,erica,h1,57,NA,cal,lab
3,erica,h2,58,NA,cal,lab
3,erica,h3,48,NA,cal,lab
3,erica,h4,51,NA,cal,lab
3,erica,h5,56,NA,cal,lab
3,erica,h6,56,NA,cal,lab
3,erica,h7,49,NA,cal,lab
3,erica,h8,56,NA,cal,lab
3,erica,h9,59,NA,cal,lab
3,erica,h10,45,NA,cal,lab
3,erica,h11,55,NA,cal,lab
3,erica,h12,49,NA,cal,lab
4,erica,h1,39,NA,cal,lab
4,erica,h2,36,NA,cal,lab
4,erica,h3,35,NA,cal,lab
4,erica,h4,44,NA,cal,lab
4,erica,h5,26,NA,cal,lab
4,erica,h6,24,NA,cal,lab
4,erica,h7,38,NA,cal,lab
4,erica,h8,36,NA,cal,lab
4,erica,h9,31,NA,cal,lab
4,erica,h10,37,NA,cal,lab
4,erica,h11,30,NA,cal,lab
4,erica,h12,38,NA,cal,lab
5,erica,h1,29,NA,cal,lab
5,erica,h2,35,NA,cal,lab
5,erica,h3,30,NA,cal,lab
5,erica,h4,25,NA,cal,lab
5,erica,h5,31,NA,cal,lab
5,erica,h6,27,NA,cal,lab
5,erica,h7,28,NA,cal,lab
5,erica,h8,25,NA,cal,lab
5,erica,h9,29,NA,cal,lab
5,erica,h10,30,NA,cal,lab
5,erica,h11,30,NA,cal,lab
5,erica,h12,23,NA,cal,lab
6,erica,h1,33,NA,cal,lab
6,erica,h2,29,NA,cal,lab
6,erica,h3,33,NA,cal,lab
6,erica,h4,26,NA,cal,lab
6,erica,h5,26,NA,cal,lab
6,erica,h6,35,NA,cal,lab
6,erica,h7,30,NA,cal,lab
6,erica,h8,21,NA,cal,lab
6,erica,h9,38,NA,cal,lab
6,erica,h10,24,NA,cal,lab
6,erica,h11,29,NA,cal,lab
6,erica,h12,26,NA,cal,lab
7,erica,h1,48,NA,cal,lab
7,erica,h2,31,NA,cal,lab
7,erica,h3,27,NA,cal,lab
7,erica,h4,26,NA,cal,lab
7,erica,h5,17,NA,cal,lab
7,erica,h6,35,NA,cal,lab
7,erica,h7,32,NA,cal,lab
7,erica,h8,25,NA,cal,lab
7,erica,h9,33,NA,cal,lab
7,erica,h10,41,NA,cal,lab
7,erica,h11,27,NA,cal,lab
7,erica,h12,37,NA,cal,lab
8,erica,h1,38,NA,cal,lab
8,erica,h2,40,NA,cal,lab
8,erica,h3,40,NA,cal,lab
8,erica,h4,38,NA,cal,lab
8,erica,h5,43,NA,cal,lab
8,erica,h6,40,NA,cal,lab
8,erica,h7,37,NA,cal,lab
8,erica,h8,38,NA,cal,lab
8,erica,h9,37,NA,cal,lab
8,erica,h10,45,NA,cal,lab
8,erica,h11,39,NA,cal,lab
8,erica,h12,52,NA,cal,lab
9,erica,h1,26,NA,cal,lab
9,erica,h2,34,NA,cal,lab
9,erica,h3,27,NA,cal,lab
9,erica,h4,33,NA,cal,lab
9,erica,h5,30,NA,cal,lab
9,erica,h6,20,NA,cal,lab
9,erica,h7,26,NA,cal,lab
9,erica,h8,27,NA,cal,lab
9,erica,h9,31,NA,cal,lab
9,erica,h10,27,NA,cal,lab
9,erica,h11,31,NA,cal,lab
9,erica,h12,31,NA,cal,lab
10,erica,h1,9,NA,cal,lab
10,erica,h2,14,NA,cal,lab
10,erica,h3,11,NA,cal,lab
10,erica,h4,12,NA,cal,lab
10,erica,h5,9,NA,cal,lab
10,erica,h6,9,NA,cal,lab
10,erica,h7,7,NA,cal,lab
10,erica,h8,8,NA,cal,lab
10,erica,h9,9,NA,cal,lab
10,erica,h10,10,NA,cal,lab
10,erica,h11,14,NA,cal,lab
10,erica,h12,12,NA,cal,lab
11,erica,h1,22,NA,cal,lab
11,erica,h2,26,NA,cal,lab
11,erica,h3,22,NA,cal,lab
11,erica,h4,21,NA,cal,lab
11,erica,h5,25,NA,cal,lab
11,erica,h6,26,NA,cal,lab
11,erica,h7,23,NA,cal,lab
11,erica,h8,22,NA,cal,lab
11,erica,h9,16,NA,cal,lab
11,erica,h10,28,NA,cal,lab
11,erica,h11,20,NA,cal,lab
11,erica,h12,26,NA,cal,lab
12,caluna,h1,67,NA,cal,lab
12,caluna,h2,43,NA,cal,lab
12,caluna,h3,78,NA,cal,lab
12,caluna,h4,58,NA,cal,lab
12,caluna,h5,69,NA,cal,lab
12,caluna,h6,74,NA,cal,lab
12,caluna,h7,66,NA,cal,lab
12,caluna,h8,47,NA,cal,lab
12,caluna,h9,51,NA,cal,lab
12,caluna,h10,68,NA,cal,lab
12,caluna,h11,43,NA,cal,lab
12,caluna,h12,42,NA,cal,lab
13,erica,h1,56,NA,cal,lab
13,erica,h2,42,NA,cal,lab
13,erica,h3,21,NA,cal,lab
13,erica,h4,27,NA,cal,lab
13,erica,h5,44,NA,cal,lab
13,erica,h6,31,NA,cal,lab
13,erica,h7,19,NA,cal,lab
13,erica,h8,31,NA,cal,lab
13,erica,h9,34,NA,cal,lab
13,erica,h10,36,NA,cal,lab
13,erica,h11,30,NA,cal,lab
13,erica,h12,47,NA,cal,lab
14,erica,h1,21,NA,cal,lab
14,erica,h2,14,NA,cal,lab
14,erica,h3,17,NA,cal,lab
14,erica,h4,19,NA,cal,lab
14,erica,h5,20,NA,cal,lab
14,erica,h6,23,NA,cal,lab
14,erica,h7,22,NA,cal,lab
14,erica,h8,23,NA,cal,lab
14,erica,h9,18,NA,cal,lab
14,erica,h10,23,NA,cal,lab
14,erica,h11,22,NA,cal,lab
14,erica,h12,15,NA,cal,lab
15,erica,h1,12,NA,cal,lab
15,erica,h2,12,NA,cal,lab
15,erica,h3,11,5,NA,cal,lab
15,erica,h4,18,NA,cal,lab
15,erica,h5,13,NA,cal,lab
15,erica,h6,14,NA,cal,lab
15,erica,h7,17,NA,cal,lab
15,erica,h8,16,NA,cal,lab
15,erica,h9,16,NA,cal,lab
15,erica,h10,19,NA,cal,lab
15,erica,h11,17,NA,cal,lab
15,erica,h12,16,NA,cal,lab
16,erica,h1,24,NA,cal,lab
16,erica,h2,13,NA,cal,lab
16,erica,h3,18,NA,cal,lab
16,erica,h4,14,NA,cal,lab
16,erica,h5,11,NA,cal,lab
16,erica,h6,23,NA,cal,lab
16,erica,h7,14,NA,cal,lab
16,erica,h8,23,NA,cal,lab
16,erica,h9,19,NA,cal,lab
16,erica,h10,21,NA,cal,lab
16,erica,h11,18,NA,cal,lab
16,erica,h12,16,NA,cal,lab
17,erica,h1,22,NA,cal,lab
17,erica,h2,18,NA,cal,lab
17,erica,h3,16,NA,cal,lab
17,erica,h4,24,NA,cal,lab
17,erica,h5,26,NA,cal,lab
17,erica,h6,19,NA,cal,lab
17,erica,h7,21,NA,cal,lab
17,erica,h8,25,NA,cal,lab
17,erica,h9,12,NA,cal,lab
17,erica,h10,17,NA,cal,lab
17,erica,h11,16,NA,cal,lab
17,erica,h12,21,NA,cal,lab
18,erica,h1,34,NA,cal,lab
18,erica,h2,29,NA,cal,lab
18,erica,h3,27,NA,cal,lab
18,erica,h4,25,NA,cal,lab
18,erica,h5,30,NA,cal,lab
18,erica,h6,30,NA,cal,lab
18,erica,h7,26,NA,cal,lab
18,erica,h8,29,NA,cal,lab
18,erica,h9,28,NA,cal,lab
18,erica,h10,37,NA,cal,lab
18,erica,h11,28,NA,cal,lab
18,erica,h12,19,NA,cal,lab
19,erica,h1,49,NA,cal,lab
19,erica,h2,34,NA,cal,lab
19,erica,h3,37,NA,cal,lab
19,erica,h4,27,NA,cal,lab
19,erica,h5,42,NA,cal,lab
19,erica,h6,27,NA,cal,lab
19,erica,h7,28,NA,cal,lab
19,erica,h8,31,NA,cal,lab
19,erica,h9,33,NA,cal,lab
19,erica,h10,42,NA,cal,lab
19,erica,h11,35,NA,cal,lab
19,erica,h12,39,NA,cal,lab
20,erica,h1,32,NA,cal,lab
20,erica,h2,37,NA,cal,lab
20,erica,h3,37,NA,cal,lab
20,erica,h4,27,NA,cal,lab
20,erica,h5,36,NA,cal,lab
20,erica,h6,36,NA,cal,lab
20,erica,h7,32,NA,cal,lab
20,erica,h8,17,NA,cal,lab
20,erica,h9,38,NA,cal,lab
20,erica,h10,21,NA,cal,lab
20,erica,h11,31,NA,cal,lab
20,erica,h12,33,NA,cal,lab
21,erica,h1,32,NA,cal,lab
21,erica,h2,28,NA,cal,lab
21,erica,h3,27,NA,cal,lab
21,erica,h4,21,NA,cal,lab
21,erica,h5,32,NA,cal,lab
21,erica,h6,17,NA,cal,lab
21,erica,h7,24,NA,cal,lab
21,erica,h8,11,NA,cal,lab
21,erica,h9,14,NA,cal,lab
21,erica,h10,13,NA,cal,lab
21,erica,h11,9,NA,cal,lab
21,erica,h12,16,NA,cal,lab
22,erica,h1,26,NA,cal,lab
22,erica,h2,31,NA,cal,lab
22,erica,h3,43,NA,cal,lab
22,erica,h4,32,NA,cal,lab
22,erica,h5,35,NA,cal,lab
22,erica,h6,35,NA,cal,lab
22,erica,h7,33,NA,cal,lab
22,erica,h8,32,NA,cal,lab
22,erica,h9,28,NA,cal,lab
22,erica,h10,41,NA,cal,lab
22,erica,h11,30,NA,cal,lab
22,erica,h12,34,NA,cal,lab
23,erica,h1,29,NA,cal,lab
23,erica,h2,19,NA,cal,lab
23,erica,h3,28,NA,cal,lab
23,erica,h4,21,NA,cal,lab
23,erica,h5,29,NA,cal,lab
23,erica,h6,24,NA,cal,lab
23,erica,h7,36,NA,cal,lab
23,erica,h8,25,NA,cal,lab
23,erica,h9,27,NA,cal,lab
23,erica,h10,27,NA,cal,lab
23,erica,h11,31,NA,cal,lab
23,erica,h12,27,NA,cal,lab
24,erica,h1,20,NA,cal,lab
24,erica,h2,13,NA,cal,lab
24,erica,h3,24,NA,cal,lab
24,erica,h4,13,NA,cal,lab
24,erica,h5,15,NA,cal,lab
24,erica,h6,19,NA,cal,lab
24,erica,h7,25,NA,cal,lab
24,erica,h8,22,NA,cal,lab
24,erica,h9,12,NA,cal,lab
24,erica,h10,22,NA,cal,lab
24,erica,h11,21,NA,cal,lab
24,erica,h12,32,NA,cal,lab
25,erica,h1,37,NA,cal,lab
25,erica,h2,38,NA,cal,lab
25,erica,h3,22,NA,cal,lab
25,erica,h4,36,NA,cal,lab
25,erica,h5,46,NA,cal,lab
25,erica,h6,33,NA,cal,lab
25,erica,h7,37,NA,cal,lab
25,erica,h8,36,NA,cal,lab
25,erica,h9,39,NA,cal,lab
25,erica,h10,41,NA,cal,lab
25,erica,h11,38,NA,cal,lab
25,erica,h12,40,NA,cal,lab
26,erica,h1,20,NA,cal,lab
26,erica,h2,26,NA,cal,lab
26,erica,h3,23,NA,cal,lab
26,erica,h4,25,NA,cal,lab
26,erica,h5,28,NA,cal,lab
26,erica,h6,16,NA,cal,lab
26,erica,h7,30,NA,cal,lab
26,erica,h8,28,NA,cal,lab
26,erica,h9,31,NA,cal,lab
26,erica,h10,32,NA,cal,lab
26,erica,h11,13,NA,cal,lab
26,erica,h12,27,NA,cal,lab
27,erica,h1,60,NA,cal,lab
27,erica,h2,36,NA,cal,lab
27,erica,h3,32,NA,cal,lab
27,erica,h4,40,NA,cal,lab
27,erica,h5,43,NA,cal,lab
27,erica,h6,35,NA,cal,lab
27,erica,h7,27,NA,cal,lab
27,erica,h8,37,NA,cal,lab
27,erica,h9,30,NA,cal,lab
27,erica,h10,38,NA,cal,lab
27,erica,h11,51,NA,cal,lab
27,erica,h12,39,NA,cal,lab
28,erica,h1,57,NA,cal,lab
28,erica,h2,49,NA,cal,lab
28,erica,h3,71,NA,cal,lab
28,erica,h4,70,NA,cal,lab
28,erica,h5,52,NA,cal,lab
28,erica,h6,47,NA,cal,lab
28,erica,h7,56,NA,cal,lab
28,erica,h8,54,NA,cal,lab
28,erica,h9,38,NA,cal,lab
28,erica,h10,64,NA,cal,lab
28,erica,h11,56,NA,cal,lab
28,erica,h12,72,NA,cal,lab
29,erica,h1,49,NA,cal,lab
29,erica,h2,41,NA,cal,lab
29,erica,h3,32,NA,cal,lab
29,erica,h4,39,NA,cal,lab
29,erica,h5,42,NA,cal,lab
29,erica,h6,35,NA,cal,lab
29,erica,h7,41,NA,cal,lab
29,erica,h8,35,NA,cal,lab
29,erica,h9,40,NA,cal,lab
29,erica,h10,44,NA,cal,lab
29,erica,h11,45,NA,cal,lab
29,erica,h12,41,NA,cal,lab
30,erica,h1,42,NA,cal,lab
30,erica,h2,37,NA,cal,lab
30,erica,h3,45,NA,cal,lab
30,erica,h4,46,NA,cal,lab
30,erica,h5,32,NA,cal,lab
30,erica,h6,47,NA,cal,lab
30,erica,h7,41,NA,cal,lab
30,erica,h8,38,NA,cal,lab
30,erica,h9,43,NA,cal,lab
30,erica,h10,46,NA,cal,lab
30,erica,h11,39,NA,cal,lab
30,erica,h12,40,NA,cal,lab
31,erica,h1,30,NA,cal,lab
31,erica,h2,35,NA,cal,lab
31,erica,h3,43,NA,cal,lab
31,erica,h4,30,NA,cal,lab
31,erica,h5,36,NA,cal,lab
31,erica,h6,34,NA,cal,lab
31,erica,h7,42,NA,cal,lab
31,erica,h8,41,NA,cal,lab
31,erica,h9,34,NA,cal,lab
31,erica,h10,35,NA,cal,lab
31,erica,h11,37,NA,cal,lab
31,erica,h12,35,NA,cal,lab
32,erica,h1,12,NA,cal,lab
32,erica,h2,17,NA,cal,lab
32,erica,h3,26,NA,cal,lab
32,erica,h4,26,NA,cal,lab
32,erica,h5,24,NA,cal,lab
32,erica,h6,27,NA,cal,lab
32,erica,h7,22,NA,cal,lab
32,erica,h8,15,NA,cal,lab
32,erica,h9,23,NA,cal,lab
32,erica,h10,22,NA,cal,lab
32,erica,h11,16,NA,cal,lab
32,erica,h12,22,NA,cal,lab
33,caluna,h1,58,NA,cal,lab
33,caluna,h2,36,NA,cal,lab
33,caluna,h3,63,NA,cal,lab
33,caluna,h4,42,NA,cal,lab
33,caluna,h5,39,NA,cal,lab
33,caluna,h6,49,NA,cal,lab
33,caluna,h7,29,NA,cal,lab
33,caluna,h8,27,NA,cal,lab
33,caluna,h9,36,NA,cal,lab
33,caluna,h10,56,NA,cal,lab
33,caluna,h11,51,NA,cal,lab
33,caluna,h12,31,NA,cal,lab
34,caluna,h1,47,NA,cal,lab
34,caluna,h2,67,NA,cal,lab
34,caluna,h3,72,NA,cal,lab
34,caluna,h4,75,NA,cal,lab
34,caluna,h5,76,NA,cal,lab
34,caluna,h6,51,NA,cal,lab
34,caluna,h7,52,NA,cal,lab
34,caluna,h8,79,NA,cal,lab
34,caluna,h9,73,NA,cal,lab
34,caluna,h10,71,NA,cal,lab
34,caluna,h11,74,NA,cal,lab
34,caluna,h12,69,NA,cal,lab
35,caluna,h1,60,NA,cal,lab
35,caluna,h2,74,NA,cal,lab
35,caluna,h3,,NA,cal,lab
35,caluna,h4,NA,NA,cal,lab
35,caluna,h5,NA,NA,cal,lab
35,caluna,h6,NA,NA,cal,lab
35,caluna,h7,NA,NA,cal,lab
35,caluna,h8,NA,NA,cal,lab
35,caluna,h9,NA,NA,cal,lab
35,caluna,h10,NA,NA,cal,lab
35,caluna,h11,NA,NA,cal,lab
35,caluna,h12,NA,NA,cal,lab
36,caluna,h1,63,NA,cal,lab
36,caluna,h2,65,NA,cal,lab
36,caluna,h3,66,NA,cal,lab
36,caluna,h4,48,NA,cal,lab
36,caluna,h5,51,NA,cal,lab
36,caluna,h6,67,NA,cal,lab
36,caluna,h7,62,NA,cal,lab
36,caluna,h8,74,NA,cal,lab
36,caluna,h9,65,NA,cal,lab
36,caluna,h10,NA,NA,cal,lab
36,caluna,h11,NA,NA,cal,lab
36,caluna,h12,NA,NA,cal,lab
37,caluna,h1,53,NA,cal,lab
37,caluna,h2,45,NA,cal,lab
37,caluna,h3,45,NA,cal,lab
37,caluna,h4,40,NA,cal,lab
37,caluna,h5,53,NA,cal,lab
37,caluna,h6,NA,NA,cal,lab
37,caluna,h7,NA,NA,cal,lab
37,caluna,h8,NA,NA,cal,lab
37,caluna,h9,NA,NA,cal,lab
37,caluna,h10,NA,NA,cal,lab
37,caluna,h11,NA,NA,cal,lab
37,caluna,h12,NA,NA,cal,lab
38,caluna,h1,86,NA,cal,lab
38,caluna,h2,NA,NA,cal,lab
38,caluna,h3,,NA,cal,lab
38,caluna,h4,NA,NA,cal,lab
38,caluna,h5,NA,NA,cal,lab
38,caluna,h6,NA,NA,cal,lab
38,caluna,h7,NA,NA,cal,lab
38,caluna,h8,NA,NA,cal,lab
38,caluna,h9,NA,NA,cal,lab
38,caluna,h10,NA,NA,cal,lab
38,caluna,h11,NA,NA,cal,lab
38,caluna,h12,NA,NA,cal,lab
39,caluna,h1,70,NA,cal,lab
39,caluna,h2,59,NA,cal,lab
39,caluna,h3,52,NA,cal,lab
39,caluna,h4,45,NA,cal,lab
39,caluna,h5,77,NA,cal,lab
39,caluna,h6,93,NA,cal,lab
39,caluna,h7,53,NA,cal,lab
39,caluna,h8,52,NA,cal,lab
39,caluna,h9,NA,NA,cal,lab
39,caluna,h10,NA,NA,cal,lab
39,caluna,h11,NA,NA,cal,lab
39,caluna,h12,NA,NA,cal,lab
40,caluna,h1,71,NA,cal,lab
40,caluna,h2,74,NA,cal,lab
40,caluna,h3,,NA,cal,lab
40,caluna,h4,NA,NA,cal,lab
40,caluna,h5,NA,NA,cal,lab
40,caluna,h6,NA,NA,cal,lab
40,caluna,h7,NA,NA,cal,lab
40,caluna,h8,NA,NA,cal,lab
40,caluna,h9,NA,NA,cal,lab
40,caluna,h10,NA,NA,cal,lab
40,caluna,h11,NA,NA,cal,lab
40,caluna,h12,NA,NA,cal,lab
41,caluna,h1,NA,NA,cal,lab
41,caluna,h2,NA,NA,cal,lab
41,caluna,h3,,NA,cal,lab
41,caluna,h4,NA,NA,cal,lab
41,caluna,h5,NA,NA,cal,lab
41,caluna,h6,NA,NA,cal,lab
41,caluna,h7,NA,NA,cal,lab
41,caluna,h8,NA,NA,cal,lab
41,caluna,h9,NA,NA,cal,lab
41,caluna,h10,NA,NA,cal,lab
41,caluna,h11,NA,NA,cal,lab
41,caluna,h12,NA,NA,cal,lab
42,caluna,h1,50,NA,cal,lab
42,caluna,h2,46,NA,cal,lab
42,caluna,h3,44,NA,cal,lab
42,caluna,h4,55,NA,cal,lab
42,caluna,h5,55,NA,cal,lab
42,caluna,h6,NA,NA,cal,lab
42,caluna,h7,NA,NA,cal,lab
42,caluna,h8,NA,NA,cal,lab
42,caluna,h9,NA,NA,cal,lab
42,caluna,h10,NA,NA,cal,lab
42,caluna,h11,NA,NA,cal,lab
42,caluna,h12,NA,NA,cal,lab
43,caluna,h1,45,NA,cal,lab
43,caluna,h2,42,NA,cal,lab
43,caluna,h3,65,NA,cal,lab
43,caluna,h4,56,NA,cal,lab
43,caluna,h5,43,NA,cal,lab
43,caluna,h6,48,NA,cal,lab
43,caluna,h7,47,NA,cal,lab
43,caluna,h8,NA,NA,cal,lab
43,caluna,h9,NA,NA,cal,lab
43,caluna,h10,NA,NA,cal,lab
43,caluna,h11,NA,NA,cal,lab
43,caluna,h12,NA,NA,cal,lab
45,caluna,h1,77,NA,cal,lab
45,caluna,h2,88,NA,cal,lab
45,caluna,h3,,NA,cal,lab
45,caluna,h4,NA,NA,cal,lab
45,caluna,h5,NA,NA,cal,lab
45,caluna,h6,NA,NA,cal,lab
45,caluna,h7,NA,NA,cal,lab
45,caluna,h8,NA,NA,cal,lab
45,caluna,h9,NA,NA,cal,lab
45,caluna,h10,NA,NA,cal,lab
45,caluna,h11,NA,NA,cal,lab
45,caluna,h12,NA,NA,cal,lab
46,caluna,h1,52,NA,cal,lab
46,caluna,h2,72,NA,cal,lab
46,caluna,h3,79,NA,cal,lab
46,caluna,h4,69,NA,cal,lab
46,caluna,h5,78,NA,cal,lab
46,caluna,h6,NA,NA,cal,lab
46,caluna,h7,NA,NA,cal,lab
46,caluna,h8,NA,NA,cal,lab
46,caluna,h9,NA,NA,cal,lab
46,caluna,h10,NA,NA,cal,lab
46,caluna,h11,NA,NA,cal,lab
46,caluna,h12,NA,NA,cal,lab
47,caluna,h1,67,NA,cal,lab
47,caluna,h2,72,NA,cal,lab
47,caluna,h3,50,NA,cal,lab
47,caluna,h4,67,NA,cal,lab
47,caluna,h5,56,NA,cal,lab
47,caluna,h6,58,NA,cal,lab
47,caluna,h7,57,NA,cal,lab
47,caluna,h8,56,NA,cal,lab
47,caluna,h9,68,NA,cal,lab
47,caluna,h10,42,NA,cal,lab
47,caluna,h11,60,NA,cal,lab
47,caluna,h12,43,NA,cal,lab
48,caluna,h1,60,NA,cal,lab
48,caluna,h2,50,NA,cal,lab
48,caluna,h3,48,NA,cal,lab
48,caluna,h4,64,NA,cal,lab
48,caluna,h5,61,NA,cal,lab
48,caluna,h6,66,NA,cal,lab
48,caluna,h7,68,NA,cal,lab
48,caluna,h8,NA,NA,cal,lab
48,caluna,h9,NA,NA,cal,lab
48,caluna,h10,NA,NA,cal,lab
48,caluna,h11,NA,NA,cal,lab
48,caluna,h12,NA,NA,cal,lab
49,caluna,h1,52,NA,cal,lab
49,caluna,h2,46,NA,cal,lab
49,caluna,h3,52,NA,cal,lab
49,caluna,h4,50,NA,cal,lab
49,caluna,h5,36,NA,cal,lab
49,caluna,h6,NA,NA,cal,lab
49,caluna,h7,NA,NA,cal,lab
49,caluna,h8,NA,NA,cal,lab
49,caluna,h9,NA,NA,cal,lab
49,caluna,h10,NA,NA,cal,lab
49,caluna,h11,NA,NA,cal,lab
49,caluna,h12,NA,NA,cal,lab
50,caluna,h1,41,NA,cal,lab
50,caluna,h2,49,NA,cal,lab
50,caluna,h3,37,NA,cal,lab
50,caluna,h4,38,NA,cal,lab
50,caluna,h5,30,NA,cal,lab
50,caluna,h6,43,NA,cal,lab
50,caluna,h7,45,NA,cal,lab
50,caluna,h8,40,NA,cal,lab
50,caluna,h9,33,NA,cal,lab
50,caluna,h10,31,NA,cal,lab
50,caluna,h11,18,NA,cal,lab
50,caluna,h12,50,NA,cal,lab
51,caluna,h1,48,NA,cal,lab
51,caluna,h2,42,NA,cal,lab
51,caluna,h3,48,NA,cal,lab
51,caluna,h4,39,NA,cal,lab
51,caluna,h5,39,NA,cal,lab
51,caluna,h6,47,NA,cal,lab
51,caluna,h7,49,NA,cal,lab
51,caluna,h8,NA,NA,cal,lab
51,caluna,h9,NA,NA,cal,lab
51,caluna,h10,NA,NA,cal,lab
51,caluna,h11,NA,NA,cal,lab
51,caluna,h12,NA,NA,cal,lab
52,caluna,h1,61,NA,cal,lab
52,caluna,h2,78,NA,cal,lab
52,caluna,h3,,NA,cal,lab
52,caluna,h4,NA,NA,cal,lab
52,caluna,h5,NA,NA,cal,lab
52,caluna,h6,NA,NA,cal,lab
52,caluna,h7,NA,NA,cal,lab
52,caluna,h8,NA,NA,cal,lab
52,caluna,h9,NA,NA,cal,lab
52,caluna,h10,NA,NA,cal,lab
52,caluna,h11,NA,NA,cal,lab
52,caluna,h12,NA,NA,cal,lab
53,caluna,h1,56,NA,cal,lab
53,caluna,h2,55,NA,cal,lab
53,caluna,h3,55,NA,cal,lab
53,caluna,h4,57,NA,cal,lab
53,caluna,h5,25,NA,cal,lab
53,caluna,h6,45,NA,cal,lab
53,caluna,h7,64,NA,cal,lab
53,caluna,h8,69,NA,cal,lab
53,caluna,h9,NA,NA,cal,lab
53,caluna,h10,NA,NA,cal,lab
53,caluna,h11,NA,NA,cal,lab
53,caluna,h12,NA,NA,cal,lab
54,caluna,h1,73,NA,cal,lab
54,caluna,h2,56,NA,cal,lab
54,caluna,h3,62,NA,cal,lab
54,caluna,h4,79,NA,cal,lab
54,caluna,h5,44,NA,cal,lab
54,caluna,h6,NA,NA,cal,lab
54,caluna,h7,NA,NA,cal,lab
54,caluna,h8,NA,NA,cal,lab
54,caluna,h9,NA,NA,cal,lab
54,caluna,h10,NA,NA,cal,lab
54,caluna,h11,NA,NA,cal,lab
54,caluna,h12,NA,NA,cal,lab
55,caluna,h1,46,NA,cal,lab
55,caluna,h2,74,NA,cal,lab
55,caluna,h3,54,NA,cal,lab
55,caluna,h4,38,NA,cal,lab
55,caluna,h5,44,NA,cal,lab
55,caluna,h6,63,NA,cal,lab
55,caluna,h7,63,NA,cal,lab
55,caluna,h8,NA,NA,cal,lab
55,caluna,h9,NA,NA,cal,lab
55,caluna,h10,NA,NA,cal,lab
55,caluna,h11,NA,NA,cal,lab
55,caluna,h12,NA,NA,cal,lab
56,caluna,h1,53,NA,cal,lab
56,caluna,h2,66,NA,cal,lab
56,caluna,h3,46,NA,cal,lab
56,caluna,h4,58,NA,cal,lab
56,caluna,h5,40,NA,cal,lab
56,caluna,h6,46,NA,cal,lab
56,caluna,h7,47,NA,cal,lab
56,caluna,h8,65,NA,cal,lab
56,caluna,h9,60,NA,cal,lab
56,caluna,h10,48,NA,cal,lab
56,caluna,h11,42,NA,cal,lab
56,caluna,h12,32,NA,cal,lab
57,caluna,h1,39,NA,cal,lab
57,caluna,h2,55,NA,cal,lab
57,caluna,h3,42,NA,cal,lab
57,caluna,h4,40,NA,cal,lab
57,caluna,h5,35,NA,cal,lab
57,caluna,h6,32,NA,cal,lab
57,caluna,h7,34,NA,cal,lab
57,caluna,h8,50,NA,cal,lab
57,caluna,h9,41,NA,cal,lab
57,caluna,h10,NA,NA,cal,lab
57,caluna,h11,NA,NA,cal,lab
57,caluna,h12,NA,NA,cal,lab
58,caluna,h1,43,NA,cal,lab
58,caluna,h2,54,NA,cal,lab
58,caluna,h3,43,NA,cal,lab
58,caluna,h4,44,NA,cal,lab
58,caluna,h5,55,NA,cal,lab
58,caluna,h6,54,NA,cal,lab
58,caluna,h7,38,NA,cal,lab
58,caluna,h8,42,NA,cal,lab
58,caluna,h9,48,NA,cal,lab
58,caluna,h10,60,NA,cal,lab
58,caluna,h11,50,NA,cal,lab
58,caluna,h12,56,NA,cal,lab
59,caluna,h1,36,NA,cal,lab
59,caluna,h2,46,NA,cal,lab
59,caluna,h3,64,NA,cal,lab
59,caluna,h4,43,NA,cal,lab
59,caluna,h5,65,NA,cal,lab
59,caluna,h6,NA,NA,cal,lab
59,caluna,h7,NA,NA,cal,lab
59,caluna,h8,NA,NA,cal,lab
59,caluna,h9,NA,NA,cal,lab
59,caluna,h10,NA,NA,cal,lab
59,caluna,h11,NA,NA,cal,lab
59,caluna,h12,NA,NA,cal,lab
60,caluna,h1,46,NA,cal,lab
60,caluna,h2,60,NA,cal,lab
60,caluna,h3,44,NA,cal,lab
60,caluna,h4,51,NA,cal,lab
60,caluna,h5,NA,NA,cal,lab
60,caluna,h6,NA,NA,cal,lab
60,caluna,h7,NA,NA,cal,lab
60,caluna,h8,NA,NA,cal,lab
60,caluna,h9,NA,NA,cal,lab
60,caluna,h10,NA,NA,cal,lab
60,caluna,h11,NA,NA,cal,lab
60,caluna,h12,NA,NA,cal,lab
61,caluna,h1,33,NA,cal,lab
61,caluna,h2,55,NA,cal,lab
61,caluna,h3,41,NA,cal,lab
61,caluna,h4,46,NA,cal,lab
61,caluna,h5,55,NA,cal,lab
61,caluna,h6,38,NA,cal,lab
61,caluna,h7,35,NA,cal,lab
61,caluna,h8,50,NA,cal,lab
61,caluna,h9,41,NA,cal,lab
61,caluna,h10,40,NA,cal,lab
61,caluna,h11,NA,NA,cal,lab
61,caluna,h12,NA,NA,cal,lab
62,caluna,h1,26,NA,cal,lab
62,caluna,h2,36,NA,cal,lab
62,caluna,h3,37,NA,cal,lab
62,caluna,h4,21,NA,cal,lab
62,caluna,h5,30,NA,cal,lab
62,caluna,h6,32,NA,cal,lab
62,caluna,h7,28,NA,cal,lab
62,caluna,h8,60,NA,cal,lab
62,caluna,h9,36,NA,cal,lab
62,caluna,h10,31,NA,cal,lab
62,caluna,h11,NA,NA,cal,lab
62,caluna,h12,NA,NA,cal,lab
1,erica,h1,39,NA,cal,field
1,erica,h2,53,NA,cal,field
1,erica,h3,59,NA,cal,field
2,caluna,h1,66,NA,cal,field
2,caluna,h2,73,NA,cal,field
2,caluna,h3,77,NA,cal,field
3,erica,h1,51,NA,cal,field
3,erica,h2,58,NA,cal,field
3,erica,h3,61,NA,cal,field
4,erica,h1,35,NA,cal,field
4,erica,h2,37,NA,cal,field
4,erica,h3,42,NA,cal,field
5,erica,h1,24,NA,cal,field
5,erica,h2,18,NA,cal,field
5,erica,h3,32,NA,cal,field
6,erica,h1,33,NA,cal,field
6,erica,h2,19,NA,cal,field
6,erica,h3,34,NA,cal,field
7,erica,h1,42,NA,cal,field
7,erica,h2,26,NA,cal,field
7,erica,h3,33,NA,cal,field
8,erica,h1,32,NA,cal,field
8,erica,h2,38,NA,cal,field
8,erica,h3,42,NA,cal,field
9,erica,h1,26,NA,cal,field
9,erica,h2,30,NA,cal,field
9,erica,h3,40,NA,cal,field
10,erica,h1,7,NA,cal,field
10,erica,h2,11,NA,cal,field
10,erica,h3,15,NA,cal,field
11,erica,h1,18,NA,cal,field
11,erica,h2,26,NA,cal,field
11,erica,h3,30,NA,cal,field
12,caluna,h1,45,NA,cal,field
12,caluna,h2,60,NA,cal,field
12,caluna,h3,75,NA,cal,field
13,erica,h1,55,NA,cal,field
13,erica,h2,58,NA,cal,field
13,erica,h3,60,NA,cal,field
14,erica,h1,12,NA,cal,field
14,erica,h2,22,NA,cal,field
14,erica,h3,27,NA,cal,field
15,erica,h1,14,NA,cal,field
15,erica,h2,15,NA,cal,field
15,erica,h3,16,NA,cal,field
16,erica,h1,16,NA,cal,field
16,erica,h2,18,NA,cal,field
16,erica,h3,21,NA,cal,field
17,erica,h1,23,NA,cal,field
17,erica,h2,25,NA,cal,field
17,erica,h3,40,NA,cal,field
18,erica,h1,21,NA,cal,field
18,erica,h2,30,NA,cal,field
18,erica,h3,36,NA,cal,field
19,erica,h1,29,NA,cal,field
19,erica,h2,36,NA,cal,field
19,erica,h3,41,NA,cal,field
20,erica,h1,26,NA,cal,field
20,erica,h2,30,NA,cal,field
20,erica,h3,32,NA,cal,field
21,erica,h1,18,NA,cal,field
21,erica,h2,26,NA,cal,field
21,erica,h3,30,NA,cal,field
22,erica,h1,24,NA,cal,field
22,erica,h2,30,NA,cal,field
22,erica,h3,38,NA,cal,field
23,erica,h1,22,NA,cal,field
23,erica,h2,33,NA,cal,field
23,erica,h3,37,NA,cal,field
24,erica,h1,20,NA,cal,field
24,erica,h2,27,NA,cal,field
24,erica,h3,31,NA,cal,field
25,erica,h1,33,NA,cal,field
25,erica,h2,37,NA,cal,field
25,erica,h3,48,NA,cal,field
26,erica,h1,19,NA,cal,field
26,erica,h2,23,NA,cal,field
26,erica,h3,29,NA,cal,field
27,erica,h1,49,NA,cal,field
27,erica,h2,56,NA,cal,field
27,erica,h3,60,NA,cal,field
28,erica,h1,45,NA,cal,field
28,erica,h2,49,NA,cal,field
28,erica,h3,55,NA,cal,field
29,erica,h1,31,NA,cal,field
29,erica,h2,38,NA,cal,field
29,erica,h3,40,NA,cal,field
30,erica,h1,30,NA,cal,field
30,erica,h2,34,NA,cal,field
30,erica,h3,44,NA,cal,field
31,erica,h1,27,NA,cal,field
31,erica,h2,33,NA,cal,field
31,erica,h3,43,NA,cal,field
32,erica,h1,26,NA,cal,field
32,erica,h2,32,NA,cal,field
32,erica,h3,34,NA,cal,field
33,caluna,h1,50,NA,cal,field
33,caluna,h2,63,NA,cal,field
33,caluna,h3,61,NA,cal,field
34,caluna,h1,75,NA,cal,field
34,caluna,h2,77,NA,cal,field
34,caluna,h3,80,NA,cal,field
35,caluna,h1,53,NA,cal,field
35,caluna,h2,58,NA,cal,field
35,caluna,h3,68,NA,cal,field
36,caluna,h1,51,NA,cal,field
36,caluna,h2,59,NA,cal,field
36,caluna,h3,64,NA,cal,field
37,caluna,h1,36,NA,cal,field
37,caluna,h2,42,NA,cal,field
37,caluna,h3,47,NA,cal,field
38,caluna,h1,60,NA,cal,field
38,caluna,h2,72,NA,cal,field
38,caluna,h3,85,NA,cal,field
39,caluna,h1,53,NA,cal,field
39,caluna,h2,66,NA,cal,field
39,caluna,h3,76,NA,cal,field
40,caluna,h1,62,NA,cal,field
40,caluna,h2,69,NA,cal,field
40,caluna,h3,78,NA,cal,field
41,caluna,h1,81,NA,cal,field
41,caluna,h2,93,NA,cal,field
41,caluna,h3,113,NA,cal,field
42,caluna,h1,41,NA,cal,field
42,caluna,h2,48,NA,cal,field
42,caluna,h3,54,NA,cal,field
43,caluna,h1,47,NA,cal,field
43,caluna,h2,56,NA,cal,field
43,caluna,h3,64,NA,cal,field
45,caluna,h1,62,NA,cal,field
45,caluna,h2,68,NA,cal,field
45,caluna,h3,78,NA,cal,field
46,caluna,h1,43,NA,cal,field
46,caluna,h2,62,NA,cal,field
46,caluna,h3,73,NA,cal,field
47,caluna,h1,54,NA,cal,field
47,caluna,h2,58,NA,cal,field
47,caluna,h3,67,NA,cal,field
48,caluna,h1,70,NA,cal,field
48,caluna,h2,70,NA,cal,field
48,caluna,h3,70,NA,cal,field
49,caluna,h1,44,NA,cal,field
49,caluna,h2,50,NA,cal,field
49,caluna,h3,55,NA,cal,field
50,caluna,h1,35,NA,cal,field
50,caluna,h2,42,NA,cal,field
50,caluna,h3,49,NA,cal,field
51,caluna,h1,48,NA,cal,field
51,caluna,h2,55,NA,cal,field
51,caluna,h3,57,NA,cal,field
52,caluna,h1,47,NA,cal,field
52,caluna,h2,56,NA,cal,field
52,caluna,h3,68,NA,cal,field
53,caluna,h1,34,NA,cal,field
53,caluna,h2,45,NA,cal,field
53,caluna,h3,53,NA,cal,field
54,caluna,h1,43,NA,cal,field
54,caluna,h2,47,NA,cal,field
54,caluna,h3,53,NA,cal,field
55,caluna,h1,50,NA,cal,field
55,caluna,h2,52,NA,cal,field
55,caluna,h3,71,NA,cal,field
56,caluna,h1,38,NA,cal,field
56,caluna,h2,46,NA,cal,field
56,caluna,h3,51,NA,cal,field
57,caluna,h1,42,NA,cal,field
57,caluna,h2,51,NA,cal,field
57,caluna,h3,60,NA,cal,field
58,caluna,h1,38,NA,cal,field
58,caluna,h2,47,NA,cal,field
58,caluna,h3,56,NA,cal,field
59,caluna,h1,38,NA,cal,field
59,caluna,h2,44,NA,cal,field
59,caluna,h3,50,NA,cal,field
60,caluna,h1,34,NA,cal,field
60,caluna,h2,50,NA,cal,field
60,caluna,h3,55,NA,cal,field
61,caluna,h1,37,NA,cal,field
61,caluna,h2,39,NA,cal,field
61,caluna,h3,52,NA,cal,field
62,caluna,h1,30,NA,cal,field
62,caluna,h2,34,NA,cal,field
62,caluna,h3,44,NA,cal,field
1,caluna,h1,19,1,val,field
1,caluna,h2,14,1,val,field
1,caluna,h3,25,1,val,field
1,caluna,h4,20,1,val,field
1,caluna,h5,5,5,1,val,field
1,caluna,h6,17,1,val,field
1,caluna,h7,10,5,1,val,field
1,caluna,h8,18,1,val,field
1,caluna,h9,7,5,1,val,field
1,caluna,h10,11,1,val,field
1,caluna,h11,4,1,val,field
1,caluna,h12,8,1,val,field
1,caluna,h13,4,1,val,field
1,caluna,h14,8,1,val,field
1,caluna,h15,12,1,val,field
1,caluna,h16,10,1,val,field
1,caluna,h17,4,5,1,val,field
1,caluna,h18,2,5,1,val,field
1,caluna,h19,6,1,val,field
1,caluna,h20,9,1,val,field
1,caluna,h21,7,1,val,field
1,caluna,h22,13,1,val,field
1,caluna,h23,12,5,1,val,field
1,caluna,h24,10,1,val,field
1,caluna,h25,5,5,1,val,field
1,caluna,h26,6,1,val,field
1,caluna,h27,10,1,val,field
1,caluna,h28,2,5,1,val,field
1,caluna,h29,2,5,1,val,field
1,caluna,h30,36,5,1,val,field
1,caluna,h31,3,5,1,val,field
1,caluna,h32,6,1,val,field
1,caluna,h33,6,1,val,field
1,caluna,h34,9,1,val,field
1,caluna,h35,4,5,1,val,field
1,caluna,h36,,1,val,field
1,caluna,h37,,1,val,field
1,caluna,h38,,1,val,field
1,caluna,h39,,1,val,field
1,caluna,h40,,1,val,field
2,erica,h1,5,5,1,val,field
2,erica,h2,4,5,1,val,field
2,erica,h3,7,1,val,field
2,erica,h4,18,1,val,field
2,erica,h5,12,1,val,field
2,erica,h6,16,5,1,val,field
2,erica,h7,11,5,1,val,field
2,erica,h8,19,5,1,val,field
2,erica,h9,13,1,val,field
2,erica,h10,9,1,val,field
2,erica,h11,6,1,val,field
2,erica,h12,10,5,1,val,field
2,erica,h13,4,1,val,field
2,erica,h14,8,5,1,val,field
2,erica,h15,11,1,val,field
2,erica,h16,10,1,val,field
2,erica,h17,3,1,val,field
2,erica,h18,3,1,val,field
2,erica,h19,4,1,val,field
2,erica,h20,5,5,1,val,field
2,erica,h21,5,5,1,val,field
2,erica,h22,5,5,1,val,field
2,erica,h23,8,1,val,field
2,erica,h24,6,1,val,field
2,erica,h25,4,1,val,field
2,erica,h26,5,1,val,field
2,erica,h27,3,1,val,field
2,erica,h28,3,1,val,field
2,erica,h29,2,1,val,field
2,erica,h30,3,1,val,field
2,erica,h31,4,5,1,val,field
2,erica,h32,3,1,val,field
2,erica,h33,3,5,1,val,field
2,erica,h34,3,1,val,field
2,erica,h35,3,5,1,val,field
2,erica,h36,,1,val,field
2,erica,h37,,1,val,field
2,erica,h38,,1,val,field
2,erica,h39,,1,val,field
2,erica,h40,,1,val,field
3,caluna,h1,9,2,val,field
3,caluna,h2,13,2,val,field
3,caluna,h3,14,5,2,val,field
3,caluna,h4,14,5,2,val,field
3,caluna,h5,13,2,val,field
3,caluna,h6,22,2,val,field
3,caluna,h7,7,2,val,field
3,caluna,h8,14,2,val,field
3,caluna,h9,8,5,2,val,field
3,caluna,h10,5,5,2,val,field
3,caluna,h11,8,2,val,field
3,caluna,h12,12,2,val,field
3,caluna,h13,9,2,val,field
3,caluna,h14,10,5,2,val,field
3,caluna,h15,8,2,val,field
3,caluna,h16,13,2,val,field
3,caluna,h17,7,2,val,field
3,caluna,h18,8,2,val,field
3,caluna,h19,18,2,val,field
3,caluna,h20,8,2,val,field
3,caluna,h21,12,2,val,field
3,caluna,h22,12,2,val,field
3,caluna,h23,17,2,val,field
3,caluna,h24,10,2,val,field
3,caluna,h25,12,2,val,field
3,caluna,h26,9,5,2,val,field
3,caluna,h27,11,2,val,field
3,caluna,h28,14,2,val,field
3,caluna,h29,21,2,val,field
3,caluna,h30,10,5,2,val,field
3,caluna,h31,18,2,val,field
3,caluna,h32,10,2,val,field
3,caluna,h33,6,2,val,field
3,caluna,h34,16,2,val,field
3,caluna,h35,6,2,val,field
3,caluna,h36,4,5,2,val,field
3,caluna,h37,6,2,val,field
3,caluna,h38,9,5,2,val,field
3,caluna,h39,3,2,val,field
3,caluna,h40,7,2,val,field
4,erica,h1,10,5,2,val,field
4,erica,h2,13,2,val,field
4,erica,h3,5,5,2,val,field
4,erica,h4,2,5,2,val,field
4,erica,h5,2,2,val,field
4,erica,h6,3,5,2,val,field
4,erica,h7,4,5,2,val,field
4,erica,h8,7,2,val,field
4,erica,h9,3,2,val,field
4,erica,h10,12,2,val,field
4,erica,h11,11,2,val,field
4,erica,h12,12,2,val,field
4,erica,h13,13,2,val,field
4,erica,h14,5,5,2,val,field
4,erica,h15,6,2,val,field
4,erica,h16,12,2,val,field
4,erica,h17,5,5,2,val,field
4,erica,h18,7,2,val,field
4,erica,h19,14,2,val,field
4,erica,h20,11,2,val,field
4,erica,h21,11,2,val,field
4,erica,h22,6,5,2,val,field
4,erica,h23,5,2,val,field
4,erica,h24,10,5,2,val,field
4,erica,h25,4,2,val,field
4,erica,h26,6,2,val,field
4,erica,h27,11,2,val,field
4,erica,h28,7,2,val,field
4,erica,h29,2,5,2,val,field
4,erica,h30,2,5,2,val,field
4,erica,h31,8,5,2,val,field
4,erica,h32,4,2,val,field
4,erica,h33,5,5,2,val,field
4,erica,h34,4,2,val,field
4,erica,h35,7,2,val,field
4,erica,h36,3,2,val,field
4,erica,h37,4,5,2,val,field
4,erica,h38,9,2,val,field
4,erica,h39,9,2,val,field
4,erica,h40,5,2,val,field
5,caluna,h1,12,3,val,field
5,caluna,h2,26,3,val,field
5,caluna,h3,15,3,val,field
5,caluna,h4,6,5,3,val,field
5,caluna,h5,11,3,val,field
5,caluna,h6,10,3,val,field
5,caluna,h7,16,3,val,field
5,caluna,h8,8,5,3,val,field
5,caluna,h9,13,5,3,val,field
5,caluna,h10,15,3,val,field
5,caluna,h11,10,5,3,val,field
5,caluna,h12,9,5,3,val,field
5,caluna,h13,23,3,val,field
5,caluna,h14,6,3,val,field
5,caluna,h15,5,3,val,field
5,caluna,h16,23,5,3,val,field
5,caluna,h17,6,5,3,val,field
5,caluna,h18,15,5,3,val,field
5,caluna,h19,6,5,3,val,field
5,caluna,h20,5,3,val,field
5,caluna,h21,7,3,val,field
5,caluna,h22,9,3,val,field
5,caluna,h23,11,3,val,field
5,caluna,h24,6,3,val,field
5,caluna,h25,4,3,val,field
5,caluna,h26,10,5,3,val,field
5,caluna,h27,14,5,3,val,field
5,caluna,h28,5,5,3,val,field
5,caluna,h29,3,3,val,field
5,caluna,h30,10,5,3,val,field
5,caluna,h31,4,3,val,field
5,caluna,h32,15,3,val,field
5,caluna,h33,26,3,val,field
5,caluna,h34,22,5,3,val,field
5,caluna,h35,15,5,3,val,field
5,caluna,h36,8,3,val,field
5,caluna,h37,28,3,val,field
5,caluna,h38,22,5,3,val,field
5,caluna,h39,9,5,3,val,field
5,caluna,h40,15,3,val,field
6,erica,h1,13,5,3,val,field
6,erica,h2,18,3,val,field
6,erica,h3,11,3,val,field
6,erica,h4,5,5,3,val,field
6,erica,h5,12,5,3,val,field
6,erica,h6,6,5,3,val,field
6,erica,h7,6,3,val,field
6,erica,h8,14,3,val,field
6,erica,h9,25,5,3,val,field
6,erica,h10,24,5,3,val,field
6,erica,h11,12,3,val,field
6,erica,h12,10,5,3,val,field
6,erica,h13,21,5,3,val,field
6,erica,h14,7,3,val,field
6,erica,h15,10,5,3,val,field
6,erica,h16,7,5,3,val,field
6,erica,h17,6,5,3,val,field
6,erica,h18,5,3,val,field
6,erica,h19,14,5,3,val,field
6,erica,h20,6,3,val,field
6,erica,h21,2,5,3,val,field
6,erica,h22,3,3,val,field
6,erica,h23,2,5,3,val,field
6,erica,h24,3,3,val,field
6,erica,h25,3,5,3,val,field
6,erica,h26,4,5,3,val,field
6,erica,h27,3,3,val,field
6,erica,h28,2,3,val,field
6,erica,h29,10,5,3,val,field
6,erica,h30,7,5,3,val,field
6,erica,h31,20,3,val,field
6,erica,h32,23,3,val,field
6,erica,h33,18,3,val,field
6,erica,h34,29,3,val,field
6,erica,h35,17,5,3,val,field
6,erica,h36,14,3,val,field
6,erica,h37,7,5,3,val,field
6,erica,h38,11,3,val,field
6,erica,h39,9,5,3,val,field
6,erica,h40,5,5,3,val,field
7,caluna,h1,16,4,val,field
7,caluna,h2,23,4,val,field
7,caluna,h3,15,5,4,val,field
7,caluna,h4,21,4,val,field
7,caluna,h5,20,4,val,field
7,caluna,h6,19,5,4,val,field
7,caluna,h7,19,4,val,field
7,caluna,h8,8,4,val,field
7,caluna,h9,9,4,val,field
7,caluna,h10,14,4,val,field
7,caluna,h11,12,5,4,val,field
7,caluna,h12,8,4,val,field
7,caluna,h13,10,5,4,val,field
7,caluna,h14,7,5,4,val,field
7,caluna,h15,8,4,val,field
7,caluna,h16,15,5,4,val,field
7,caluna,h17,3,5,4,val,field
7,caluna,h18,15,4,val,field
7,caluna,h19,12,5,4,val,field
7,caluna,h20,10,5,4,val,field
7,caluna,h21,7,4,val,field
7,caluna,h22,15,4,val,field
7,caluna,h23,10,4,val,field
7,caluna,h24,8,4,val,field
7,caluna,h25,14,5,4,val,field
7,caluna,h26,6,4,val,field
7,caluna,h27,8,4,val,field
7,caluna,h28,16,4,val,field
7,caluna,h29,9,4,val,field
7,caluna,h30,7,4,val,field
7,caluna,h31,7,5,4,val,field
7,caluna,h32,10,4,val,field
7,caluna,h33,7,5,4,val,field
7,caluna,h34,,4,val,field
7,caluna,h35,,4,val,field
7,caluna,h36,,4,val,field
7,caluna,h37,,4,val,field
7,caluna,h38,,4,val,field
7,caluna,h39,,4,val,field
7,caluna,h40,,4,val,field
8,erica,h1,12,4,val,field
8,erica,h2,8,5,4,val,field
8,erica,h3,20,5,4,val,field
8,erica,h4,13,4,val,field
8,erica,h5,14,4,val,field
8,erica,h6,12,4,val,field
8,erica,h7,14,4,val,field
8,erica,h8,16,4,val,field
8,erica,h9,11,4,val,field
8,erica,h10,8,5,4,val,field
8,erica,h11,11,4,val,field
8,erica,h12,10,5,4,val,field
8,erica,h13,11,4,val,field
8,erica,h14,16,4,val,field
8,erica,h15,5,4,val,field
8,erica,h16,12,5,4,val,field
8,erica,h17,5,4,val,field
8,erica,h18,3,5,4,val,field
8,erica,h19,7,4,val,field
8,erica,h20,16,4,val,field
8,erica,h21,15,5,4,val,field
8,erica,h22,14,4,val,field
8,erica,h23,5,4,val,field
8,erica,h24,15,5,4,val,field
8,erica,h25,3,5,4,val,field
8,erica,h26,11,4,val,field
8,erica,h27,7,4,val,field
8,erica,h28,6,4,val,field
8,erica,h29,11,5,4,val,field
8,erica,h30,3,4,val,field
8,erica,h31,6,5,4,val,field
8,erica,h32,4,4,val,field
8,erica,h33,12,4,val,field
8,erica,h34,4,5,4,val,field
8,erica,h35,10,5,4,val,field
8,erica,h36,4,4,val,field
8,erica,h37,2,5,4,val,field
8,erica,h38,8,4,val,field
8,erica,h39,9,4,val,field
8,erica,h40,20,5,4,val,field
9,caluna,h1,6,5,5,val,field
9,caluna,h2,27,5,val,field
9,caluna,h3,25,5,val,field
9,caluna,h4,15,5,5,val,field
9,caluna,h5,24,5,5,val,field
9,caluna,h6,28,5,val,field
9,caluna,h7,10,5,val,field
9,caluna,h8,13,5,val,field
9,caluna,h9,21,5,5,val,field
9,caluna,h10,11,5,5,val,field
9,caluna,h11,11,5,val,field
9,caluna,h12,9,5,5,val,field
9,caluna,h13,6,5,val,field
9,caluna,h14,9,5,val,field
9,caluna,h15,5,5,5,val,field
9,caluna,h16,,5,val,field
9,caluna,h17,,5,val,field
9,caluna,h18,,5,val,field
9,caluna,h19,,5,val,field
9,caluna,h20,,5,val,field
9,caluna,h21,,5,val,field
9,caluna,h22,,5,val,field
9,caluna,h23,,5,val,field
9,caluna,h24,,5,val,field
9,caluna,h25,,5,val,field
9,caluna,h26,,5,val,field
9,caluna,h27,,5,val,field
9,caluna,h28,,5,val,field
9,caluna,h29,,5,val,field
9,caluna,h30,,5,val,field
9,caluna,h31,,5,val,field
9,caluna,h32,,5,val,field
9,caluna,h33,,5,val,field
9,caluna,h34,,5,val,field
9,caluna,h35,,5,val,field
9,caluna,h36,,5,val,field
9,caluna,h37,,5,val,field
9,caluna,h38,,5,val,field
9,caluna,h39,,5,val,field
9,caluna,h40,,5,val,field
10,erica,h1,10,5,val,field
10,erica,h2,11,5,val,field
10,erica,h3,23,5,val,field
10,erica,h4,10,5,5,val,field
10,erica,h5,9,5,5,val,field
10,erica,h6,17,5,5,val,field
10,erica,h7,13,5,val,field
10,erica,h8,12,5,val,field
10,erica,h9,16,5,5,val,field
10,erica,h10,19,5,val,field
10,erica,h11,14,5,val,field
10,erica,h12,17,5,val,field
10,erica,h13,11,5,val,field
10,erica,h14,17,5,val,field
10,erica,h15,8,5,val,field
10,erica,h16,11,5,5,val,field
10,erica,h17,15,5,5,val,field
10,erica,h18,19,5,val,field
10,erica,h19,8,5,5,val,field
10,erica,h20,15,5,5,val,field
10,erica,h21,25,5,val,field
10,erica,h22,10,5,val,field
10,erica,h23,6,5,5,val,field
10,erica,h24,11,5,val,field
10,erica,h25,8,5,val,field
10,erica,h26,16,5,val,field
10,erica,h27,3,5,val,field
10,erica,h28,3,5,val,field
10,erica,h29,5,5,5,val,field
10,erica,h30,7,5,5,val,field
10,erica,h31,6,5,5,val,field
10,erica,h32,8,5,5,val,field
10,erica,h33,12,5,5,val,field
10,erica,h34,15,5,5,val,field
10,erica,h35,17,5,val,field
10,erica,h36,14,5,val,field
10,erica,h37,6,5,val,field
10,erica,h38,6,5,val,field
10,erica,h39,10,5,val,field
10,erica,h40,19,5,val,field
11,erica,h1,7,6,val,field
11,erica,h2,3,5,6,val,field
11,erica,h3,8,6,val,field
11,erica,h4,2,5,6,val,field
11,erica,h5,3,5,6,val,field
11,erica,h6,11,6,val,field
11,erica,h7,16,6,val,field
11,erica,h8,4,6,val,field
11,erica,h9,6,5,6,val,field
11,erica,h10,11,6,val,field
11,erica,h11,7,5,6,val,field
11,erica,h12,5,6,val,field
11,erica,h13,3,5,6,val,field
11,erica,h14,16,5,6,val,field
11,erica,h15,11,5,6,val,field
11,erica,h16,17,6,val,field
11,erica,h17,6,5,6,val,field
11,erica,h18,6,6,val,field
11,erica,h19,11,5,6,val,field
11,erica,h20,15,5,6,val,field
11,erica,h21,13,6,val,field
11,erica,h22,4,6,val,field
11,erica,h23,3,6,val,field
11,erica,h24,13,6,val,field
11,erica,h25,4,6,val,field
11,erica,h26,12,5,6,val,field
11,erica,h27,18,6,val,field
11,erica,h28,9,5,6,val,field
11,erica,h29,4,6,val,field
11,erica,h30,10,6,val,field
11,erica,h31,4,5,6,val,field
11,erica,h32,6,5,6,val,field
11,erica,h33,4,6,val,field
11,erica,h34,7,6,val,field
11,erica,h35,12,6,val,field
11,erica,h36,6,5,6,val,field
11,erica,h37,8,5,6,val,field
11,erica,h38,3,6,val,field
11,erica,h39,3,6,val,field
11,erica,h40,4,5,6,val,field
12,caluna,h1,21,7,val,field
12,caluna,h2,15,7,val,field
12,caluna,h3,5,7,val,field
12,caluna,h4,25,7,val,field
12,caluna,h5,7,7,val,field
12,caluna,h6,5,5,7,val,field
12,caluna,h7,26,7,val,field
12,caluna,h8,19,5,7,val,field
12,caluna,h9,8,5,7,val,field
12,caluna,h10,4,5,7,val,field
12,caluna,h11,5,5,7,val,field
12,caluna,h12,22,7,val,field
12,caluna,h13,8,5,7,val,field
12,caluna,h14,6,7,val,field
12,caluna,h15,12,7,val,field
12,caluna,h16,12,7,val,field
12,caluna,h17,12,7,val,field
12,caluna,h18,7,7,val,field
12,caluna,h19,17,7,val,field
12,caluna,h20,10,7,val,field
12,caluna,h21,14,7,val,field
12,caluna,h22,14,5,7,val,field
12,caluna,h23,11,7,val,field
12,caluna,h24,6,5,7,val,field
12,caluna,h25,7,7,val,field
12,caluna,h26,18,7,val,field
12,caluna,h27,11,5,7,val,field
12,caluna,h28,6,7,val,field
12,caluna,h29,7,5,7,val,field
12,caluna,h30,13,7,val,field
12,caluna,h31,9,7,val,field
12,caluna,h32,13,5,7,val,field
12,caluna,h33,19,7,val,field
12,caluna,h34,12,7,val,field
12,caluna,h35,4,5,7,val,field
12,caluna,h36,9,7,val,field
12,caluna,h37,13,7,val,field
12,caluna,h38,10,7,val,field
12,caluna,h39,6,5,7,val,field
12,caluna,h40,5,7,val,field
13,erica,h1,13,7,val,field
13,erica,h2,10,7,val,field
13,erica,h3,7,7,val,field
13,erica,h4,12,7,val,field
13,erica,h5,11,7,val,field
13,erica,h6,16,5,7,val,field
13,erica,h7,14,5,7,val,field
13,erica,h8,9,5,7,val,field
13,erica,h9,15,5,7,val,field
13,erica,h10,15,7,val,field
13,erica,h11,15,5,7,val,field
13,erica,h12,9,7,val,field
13,erica,h13,13,7,val,field
13,erica,h14,5,7,val,field
13,erica,h15,3,7,val,field
13,erica,h16,8,5,7,val,field
13,erica,h17,15,5,7,val,field
13,erica,h18,11,7,val,field
13,erica,h19,13,7,val,field
13,erica,h20,11,5,7,val,field
13,erica,h21,2,5,7,val,field
13,erica,h22,12,5,7,val,field
13,erica,h23,16,7,val,field
13,erica,h24,15,5,7,val,field
13,erica,h25,11,7,val,field
13,erica,h26,10,7,val,field
13,erica,h27,10,7,val,field
13,erica,h28,20,7,val,field
13,erica,h29,14,7,val,field
13,erica,h30,2,7,val,field
13,erica,h31,3,7,val,field
13,erica,h32,6,7,val,field
13,erica,h33,8,7,val,field
13,erica,h34,5,5,7,val,field
13,erica,h35,17,5,7,val,field
13,erica,h36,20,5,7,val,field
13,erica,h37,9,7,val,field
13,erica,h38,15,7,val,field
13,erica,h39,4,7,val,field
13,erica,h40,5,7,val,field
14,caluna,h1,42,8,val,field
14,caluna,h2,39,5,8,val,field
14,caluna,h3,44,8,val,field
14,caluna,h4,29,5,8,val,field
14,caluna,h5,9,5,8,val,field
14,caluna,h6,13,8,val,field
14,caluna,h7,5,8,val,field
14,caluna,h8,,8,val,field
14,caluna,h9,,8,val,field
14,caluna,h10,,8,val,field
14,caluna,h11,,8,val,field
14,caluna,h12,,8,val,field
14,caluna,h13,,8,val,field
14,caluna,h14,,8,val,field
14,caluna,h15,,8,val,field
14,caluna,h16,,8,val,field
14,caluna,h17,,8,val,field
14,caluna,h18,,8,val,field
14,caluna,h19,,8,val,field
14,caluna,h20,,8,val,field
14,caluna,h21,,8,val,field
14,caluna,h22,,8,val,field
14,caluna,h23,,8,val,field
14,caluna,h24,,8,val,field
14,caluna,h25,,8,val,field
14,caluna,h26,,8,val,field
14,caluna,h27,,8,val,field
14,caluna,h28,,8,val,field
14,caluna,h29,,8,val,field
14,caluna,h30,,8,val,field
14,caluna,h31,,8,val,field
14,caluna,h32,,8,val,field
14,caluna,h33,,8,val,field
14,caluna,h34,,8,val,field
14,caluna,h35,,8,val,field
14,caluna,h36,,8,val,field
14,caluna,h37,,8,val,field
14,caluna,h38,,8,val,field
14,caluna,h39,,8,val,field
14,caluna,h40,,8,val,field
15,erica,h1,10,5,8,val,field
15,erica,h2,5,8,val,field
15,erica,h3,32,8,val,field
15,erica,h4,12,8,val,field
15,erica,h5,10,5,8,val,field
15,erica,h6,20,8,val,field
15,erica,h7,10,8,val,field
15,erica,h8,14,8,val,field
15,erica,h9,12,5,8,val,field
15,erica,h10,24,8,val,field
15,erica,h11,30,8,val,field
15,erica,h12,9,5,8,val,field
15,erica,h13,24,5,8,val,field
15,erica,h14,23,5,8,val,field
15,erica,h15,19,5,8,val,field
15,erica,h16,9,8,val,field
15,erica,h17,5,8,val,field
15,erica,h18,5,8,val,field
15,erica,h19,7,8,val,field
15,erica,h20,9,8,val,field
15,erica,h21,12,8,val,field
15,erica,h22,23,8,val,field
15,erica,h23,9,5,8,val,field
15,erica,h24,6,8,val,field
15,erica,h25,21,8,val,field
15,erica,h26,23,8,val,field
15,erica,h27,11,8,val,field
15,erica,h28,13,8,val,field
15,erica,h29,7,5,8,val,field
15,erica,h30,17,5,8,val,field
15,erica,h31,10,8,val,field
15,erica,h32,7,5,8,val,field
15,erica,h33,8,8,val,field
15,erica,h34,14,8,val,field
15,erica,h35,15,8,val,field
15,erica,h36,16,8,val,field
15,erica,h37,10,5,8,val,field
15,erica,h38,24,5,8,val,field
15,erica,h39,21,8,val,field
15,erica,h40,5,8,val,field
16,caluna,h1,18,9,val,field
16,caluna,h2,5,5,9,val,field
16,caluna,h3,6,9,val,field
16,caluna,h4,,9,val,field
16,caluna,h5,,9,val,field
16,caluna,h6,,9,val,field
16,caluna,h7,,9,val,field
16,caluna,h8,,9,val,field
16,caluna,h9,,9,val,field
16,caluna,h10,,9,val,field
16,caluna,h11,,9,val,field
16,caluna,h12,,9,val,field
16,caluna,h13,,9,val,field
16,caluna,h14,,9,val,field
16,caluna,h15,,9,val,field
16,caluna,h16,,9,val,field
16,caluna,h17,,9,val,field
16,caluna,h18,,9,val,field
16,caluna,h19,,9,val,field
16,caluna,h20,,9,val,field
16,caluna,h21,,9,val,field
16,caluna,h22,,9,val,field
16,caluna,h23,,9,val,field
16,caluna,h24,,9,val,field
16,caluna,h25,,9,val,field
16,caluna,h26,,9,val,field
16,caluna,h27,,9,val,field
16,caluna,h28,,9,val,field
16,caluna,h29,,9,val,field
16,caluna,h30,,9,val,field
16,caluna,h31,,9,val,field
16,caluna,h32,,9,val,field
16,caluna,h33,,9,val,field
16,caluna,h34,,9,val,field
16,caluna,h35,,9,val,field
16,caluna,h36,,9,val,field
16,caluna,h37,,9,val,field
16,caluna,h38,,9,val,field
16,caluna,h39,,9,val,field
16,caluna,h40,,9,val,field
17,erica,h1,3,9,val,field
17,erica,h2,9,9,val,field
17,erica,h3,17,9,val,field
17,erica,h4,20,9,val,field
17,erica,h5,18,9,val,field
17,erica,h6,6,9,val,field
17,erica,h7,9,5,9,val,field
17,erica,h8,9,9,val,field
17,erica,h9,4,9,val,field
17,erica,h10,13,9,val,field
17,erica,h11,10,9,val,field
17,erica,h12,22,5,9,val,field
17,erica,h13,22,9,val,field
17,erica,h14,4,5,9,val,field
17,erica,h15,5,5,9,val,field
17,erica,h16,10,9,val,field
17,erica,h17,8,5,9,val,field
17,erica,h18,12,5,9,val,field
17,erica,h19,6,5,9,val,field
17,erica,h20,14,9,val,field
17,erica,h21,13,9,val,field
17,erica,h22,13,9,val,field
17,erica,h23,6,9,val,field
17,erica,h24,6,9,val,field
17,erica,h25,6,5,9,val,field
17,erica,h26,8,9,val,field
17,erica,h27,8,5,9,val,field
17,erica,h28,10,9,val,field
17,erica,h29,6,9,val,field
17,erica,h30,5,9,val,field
17,erica,h31,5,5,9,val,field
17,erica,h32,5,9,val,field
17,erica,h33,8,9,val,field
17,erica,h34,9,9,val,field
17,erica,h35,13,5,9,val,field
17,erica,h36,7,9,val,field
17,erica,h37,5,9,val,field
17,erica,h38,5,9,val,field
17,erica,h39,6,5,9,val,field
17,erica,h40,15,5,9,val,field
18,caluna,h1,36,10,val,field
18,caluna,h2,40,10,val,field
18,caluna,h3,27,5,10,val,field
18,caluna,h4,48,5,10,val,field
18,caluna,h5,18,10,val,field
18,caluna,h6,24,10,val,field
18,caluna,h7,23,10,val,field
18,caluna,h8,8,10,val,field
18,caluna,h9,27,5,10,val,field
18,caluna,h10,34,10,val,field
18,caluna,h11,22,5,10,val,field
18,caluna,h12,15,5,10,val,field
18,caluna,h13,17,5,10,val,field
18,caluna,h14,12,10,val,field
18,caluna,h15,20,10,val,field
18,caluna,h16,24,5,10,val,field
18,caluna,h17,14,10,val,field
18,caluna,h18,10,10,val,field
18,caluna,h19,17,5,10,val,field
18,caluna,h20,21,10,val,field
18,caluna,h21,10,10,val,field
18,caluna,h22,12,10,val,field
18,caluna,h23,14,10,val,field
18,caluna,h24,8,5,10,val,field
18,caluna,h25,13,10,val,field
18,caluna,h26,,10,val,field
18,caluna,h27,,10,val,field
18,caluna,h28,,10,val,field
18,caluna,h29,,10,val,field
18,caluna,h30,,10,val,field
18,caluna,h31,,10,val,field
18,caluna,h32,,10,val,field
18,caluna,h33,,10,val,field
18,caluna,h34,,10,val,field
18,caluna,h35,,10,val,field
18,caluna,h36,,10,val,field
18,caluna,h37,,10,val,field
18,caluna,h38,,10,val,field
18,caluna,h39,,10,val,field
18,caluna,h40,,10,val,field
19,erica,h1,12,5,10,val,field
19,erica,h2,12,10,val,field
19,erica,h3,16,5,10,val,field
19,erica,h4,21,5,10,val,field
19,erica,h5,14,10,val,field
19,erica,h6,13,10,val,field
19,erica,h7,19,10,val,field
19,erica,h8,12,5,10,val,field
19,erica,h9,9,10,val,field
19,erica,h10,10,5,10,val,field
19,erica,h11,9,10,val,field
19,erica,h12,20,10,val,field
19,erica,h13,6,10,val,field
19,erica,h14,34,5,10,val,field
19,erica,h15,7,10,val,field
19,erica,h16,7,5,10,val,field
19,erica,h17,8,5,10,val,field
19,erica,h18,11,5,10,val,field
19,erica,h19,6,5,10,val,field
19,erica,h20,3,5,10,val,field
19,erica,h21,12,10,val,field
19,erica,h22,6,10,val,field
19,erica,h23,24,10,val,field
19,erica,h24,12,5,10,val,field
19,erica,h25,6,10,val,field
19,erica,h26,10,10,val,field
19,erica,h27,8,10,val,field
19,erica,h28,11,10,val,field
19,erica,h29,18,5,10,val,field
19,erica,h30,20,5,10,val,field
19,erica,h31,10,5,10,val,field
19,erica,h32,21,5,10,val,field
19,erica,h33,6,5,10,val,field
19,erica,h34,16,5,10,val,field
19,erica,h35,18,5,10,val,field
19,erica,h36,20,10,val,field
19,erica,h37,13,10,val,field
19,erica,h38,7,10,val,field
19,erica,h39,28,10,val,field
19,erica,h40,7,5,10,val,field
20,caluna,h1,30,11,val,field
20,caluna,h2,13,11,val,field
20,caluna,h3,17,5,11,val,field
20,caluna,h4,31,11,val,field
20,caluna,h5,15,5,11,val,field
20,caluna,h6,21,11,val,field
20,caluna,h7,33,11,val,field
20,caluna,h8,13,11,val,field
20,caluna,h9,28,5,11,val,field
20,caluna,h10,10,5,11,val,field
20,caluna,h11,20,5,11,val,field
20,caluna,h12,15,5,11,val,field
20,caluna,h13,12,11,val,field
20,caluna,h14,4,11,val,field
20,caluna,h15,,11,val,field
20,caluna,h16,,11,val,field
20,caluna,h17,,11,val,field
20,caluna,h18,,11,val,field
20,caluna,h19,,11,val,field
20,caluna,h20,,11,val,field
20,caluna,h21,,11,val,field
20,caluna,h22,,11,val,field
20,caluna,h23,,11,val,field
20,caluna,h24,,11,val,field
20,caluna,h25,,11,val,field
20,caluna,h26,,11,val,field
20,caluna,h27,,11,val,field
20,caluna,h28,,11,val,field
20,caluna,h29,,11,val,field
20,caluna,h30,,11,val,field
20,caluna,h31,,11,val,field
20,caluna,h32,,11,val,field
20,caluna,h33,,11,val,field
20,caluna,h34,,11,val,field
20,caluna,h35,,11,val,field
20,caluna,h36,,11,val,field
20,caluna,h37,,11,val,field
20,caluna,h38,,11,val,field
20,caluna,h39,,11,val,field
20,caluna,h40,,11,val,field
21,erica,h1,9,11,val,field
21,erica,h2,33,5,11,val,field
21,erica,h3,29,11,val,field
21,erica,h4,17,11,val,field
21,erica,h5,13,11,val,field
21,erica,h6,6,5,11,val,field
21,erica,h7,17,11,val,field
21,erica,h8,24,11,val,field
21,erica,h9,18,5,11,val,field
21,erica,h10,10,11,val,field
21,erica,h11,10,11,val,field
21,erica,h12,12,11,val,field
21,erica,h13,9,11,val,field
21,erica,h14,26,11,val,field
21,erica,h15,7,11,val,field
21,erica,h16,8,11,val,field
21,erica,h17,4,11,val,field
21,erica,h18,4,5,11,val,field
21,erica,h19,20,5,11,val,field
21,erica,h20,12,5,11,val,field
21,erica,h21,13,11,val,field
21,erica,h22,11,11,val,field
21,erica,h23,18,11,val,field
21,erica,h24,9,5,11,val,field
21,erica,h25,4,5,11,val,field
21,erica,h26,20,11,val,field
21,erica,h27,18,5,11,val,field
21,erica,h28,28,11,val,field
21,erica,h29,6,11,val,field
21,erica,h30,20,5,11,val,field
21,erica,h31,6,5,11,val,field
21,erica,h32,10,5,11,val,field
21,erica,h33,7,5,11,val,field
21,erica,h34,17,11,val,field
21,erica,h35,14,5,11,val,field
21,erica,h36,11,11,val,field
21,erica,h37,4,5,11,val,field
21,erica,h38,7,5,11,val,field
21,erica,h39,13,11,val,field
21,erica,h40,5,5,11,val,field
22,erica,h1,6,5,12,val,field
22,erica,h2,22,12,val,field
22,erica,h3,20,5,12,val,field
22,erica,h4,7,12,val,field
22,erica,h5,24,12,val,field
22,erica,h6,15,5,12,val,field
22,erica,h7,15,12,val,field
22,erica,h8,13,12,val,field
22,erica,h9,12,5,12,val,field
22,erica,h10,9,12,val,field
22,erica,h11,23,12,val,field
22,erica,h12,17,12,val,field
22,erica,h13,13,12,val,field
22,erica,h14,29,12,val,field
22,erica,h15,19,12,val,field
22,erica,h16,12,12,val,field
22,erica,h17,24,5,12,val,field
22,erica,h18,27,12,val,field
22,erica,h19,11,5,12,val,field
22,erica,h20,7,12,val,field
22,erica,h21,9,12,val,field
22,erica,h22,22,5,12,val,field
22,erica,h23,21,5,12,val,field
22,erica,h24,30,12,val,field
22,erica,h25,17,5,12,val,field
22,erica,h26,17,12,val,field
22,erica,h27,10,12,val,field
22,erica,h28,6,5,12,val,field
22,erica,h29,4,12,val,field
22,erica,h30,8,12,val,field
22,erica,h31,3,5,12,val,field
22,erica,h32,5,12,val,field
22,erica,h33,11,12,val,field
22,erica,h34,4,12,val,field
22,erica,h35,6,5,12,val,field
22,erica,h36,29,12,val,field
22,erica,h37,10,12,val,field
22,erica,h38,18,12,val,field
22,erica,h39,8,5,12,val,field
22,erica,h40,11,5,12,val,field
23,erica,h1,5,13,val,field
23,erica,h2,6,5,13,val,field
23,erica,h3,17,5,13,val,field
23,erica,h4,12,5,13,val,field
23,erica,h5,5,13,val,field
23,erica,h6,4,13,val,field
23,erica,h7,9,5,13,val,field
23,erica,h8,14,13,val,field
23,erica,h9,9,5,13,val,field
23,erica,h10,8,5,13,val,field
23,erica,h11,8,13,val,field
23,erica,h12,8,5,13,val,field
23,erica,h13,7,5,13,val,field
23,erica,h14,7,13,val,field
23,erica,h15,11,5,13,val,field
23,erica,h16,12,13,val,field
23,erica,h17,10,13,val,field
23,erica,h18,9,5,13,val,field
23,erica,h19,12,13,val,field
23,erica,h20,7,13,val,field
23,erica,h21,11,5,13,val,field
23,erica,h22,17,13,val,field
23,erica,h23,9,13,val,field
23,erica,h24,13,5,13,val,field
23,erica,h25,8,13,val,field
23,erica,h26,7,13,val,field
23,erica,h27,8,5,13,val,field
23,erica,h28,14,13,val,field
23,erica,h29,12,5,13,val,field
23,erica,h30,13,13,val,field
23,erica,h31,7,13,val,field
23,erica,h32,10,13,val,field
23,erica,h33,9,13,val,field
23,erica,h34,10,13,val,field
23,erica,h35,8,13,val,field
23,erica,h36,4,13,val,field
23,erica,h37,7,13,val,field
23,erica,h38,6,13,val,field
23,erica,h39,4,13,val,field
23,erica,h40,7,13,val,field
24,caluna,h1,14,5,14,val,field
24,caluna,h2,43,14,val,field
24,caluna,h3,16,14,val,field
24,caluna,h4,32,14,val,field
24,caluna,h5,26,14,val,field
24,caluna,h6,33,14,val,field
24,caluna,h7,28,14,val,field
24,caluna,h8,31,14,val,field
24,caluna,h9,35,5,14,val,field
24,caluna,h10,31,5,14,val,field
24,caluna,h11,23,5,14,val,field
24,caluna,h12,21,14,val,field
24,caluna,h13,20,14,val,field
24,caluna,h14,21,5,14,val,field
24,caluna,h15,21,14,val,field
24,caluna,h16,18,14,val,field
24,caluna,h17,21,5,14,val,field
24,caluna,h18,18,14,val,field
24,caluna,h19,10,14,val,field
24,caluna,h20,12,14,val,field
24,caluna,h21,24,14,val,field
24,caluna,h22,6,5,14,val,field
24,caluna,h23,11,5,14,val,field
24,caluna,h24,12,14,val,field
24,caluna,h25,4,5,14,val,field
24,caluna,h26,,14,val,field
24,caluna,h27,,14,val,field
24,caluna,h28,,14,val,field
24,caluna,h29,,14,val,field
24,caluna,h30,,14,val,field
24,caluna,h31,,14,val,field
24,caluna,h32,,14,val,field
24,caluna,h33,,14,val,field
24,caluna,h34,,14,val,field
24,caluna,h35,,14,val,field
24,caluna,h36,,14,val,field
24,caluna,h37,,14,val,field
24,caluna,h38,,14,val,field
24,caluna,h39,,14,val,field
24,caluna,h40,,14,val,field
25,erica,h1,29,15,val,field
25,erica,h2,28,15,val,field
25,erica,h3,34,5,15,val,field
25,erica,h4,14,15,val,field
25,erica,h5,21,5,15,val,field
25,erica,h6,22,15,val,field
25,erica,h7,12,15,val,field
25,erica,h8,19,15,val,field
25,erica,h9,8,5,15,val,field
25,erica,h10,10,5,15,val,field
25,erica,h11,7,5,15,val,field
25,erica,h12,22,15,val,field
25,erica,h13,26,15,val,field
25,erica,h14,9,15,val,field
25,erica,h15,5,5,15,val,field
25,erica,h16,12,5,15,val,field
25,erica,h17,16,5,15,val,field
25,erica,h18,9,5,15,val,field
25,erica,h19,8,15,val,field
25,erica,h20,11,15,val,field
25,erica,h21,8,5,15,val,field
25,erica,h22,11,5,15,val,field
25,erica,h23,14,15,val,field
25,erica,h24,22,15,val,field
25,erica,h25,11,5,15,val,field
25,erica,h26,9,15,val,field
25,erica,h27,9,15,val,field
25,erica,h28,16,15,val,field
25,erica,h29,7,15,val,field
25,erica,h30,10,15,val,field
25,erica,h31,6,15,val,field
25,erica,h32,17,15,val,field
25,erica,h33,6,5,15,val,field
25,erica,h34,6,15,val,field
25,erica,h35,9,15,val,field
25,erica,h36,8,5,15,val,field
25,erica,h37,6,15,val,field
25,erica,h38,3,15,val,field
25,erica,h39,17,5,15,val,field
25,erica,h40,17,5,15,val,field
26,erica,h1,15,16,val,field
26,erica,h2,13,16,val,field
26,erica,h3,23,16,val,field
26,erica,h4,5,16,val,field
26,erica,h5,15,5,16,val,field
26,erica,h6,7,5,16,val,field
26,erica,h7,6,16,val,field
26,erica,h8,18,16,val,field
26,erica,h9,8,16,val,field
26,erica,h10,5,5,16,val,field
26,erica,h11,13,5,16,val,field
26,erica,h12,9,5,16,val,field
26,erica,h13,8,5,16,val,field
26,erica,h14,12,16,val,field
26,erica,h15,33,16,val,field
26,erica,h16,5,5,16,val,field
26,erica,h17,4,16,val,field
26,erica,h18,8,5,16,val,field
26,erica,h19,5,16,val,field
26,erica,h20,4,16,val,field
26,erica,h21,16,5,16,val,field
26,erica,h22,13,16,val,field
26,erica,h23,15,16,val,field
26,erica,h24,10,5,16,val,field
26,erica,h25,13,16,val,field
26,erica,h26,2,16,val,field
26,erica,h27,3,16,val,field
26,erica,h28,10,5,16,val,field
26,erica,h29,6,16,val,field
26,erica,h30,5,16,val,field
26,erica,h31,3,16,val,field
26,erica,h32,14,5,16,val,field
26,erica,h33,8,16,val,field
26,erica,h34,15,16,val,field
26,erica,h35,13,5,16,val,field
26,erica,h36,9,16,val,field
26,erica,h37,3,16,val,field
26,erica,h38,18,16,val,field
26,erica,h39,13,5,16,val,field
26,erica,h40,14,16,val,field
27,caluna,h1,6,16,val,field
27,caluna,h2,6,16,val,field
27,caluna,h3,,16,val,field
27,caluna,h4,,16,val,field
27,caluna,h5,,16,val,field
27,caluna,h6,,16,val,field
27,caluna,h7,,16,val,field
27,caluna,h8,,16,val,field
27,caluna,h9,,16,val,field
27,caluna,h10,,16,val,field
27,caluna,h11,,16,val,field
27,caluna,h12,,16,val,field
27,caluna,h13,,16,val,field
27,caluna,h14,,16,val,field
27,caluna,h15,,16,val,field
27,caluna,h16,,16,val,field
27,caluna,h17,,16,val,field
27,caluna,h18,,16,val,field
27,caluna,h19,,16,val,field
27,caluna,h20,,16,val,field
27,caluna,h21,,16,val,field
27,caluna,h22,,16,val,field
27,caluna,h23,,16,val,field
27,caluna,h24,,16,val,field
27,caluna,h25,,16,val,field
27,caluna,h26,,16,val,field
27,caluna,h27,,16,val,field
27,caluna,h28,,16,val,field
27,caluna,h29,,16,val,field
27,caluna,h30,,16,val,field
27,caluna,h31,,16,val,field
27,caluna,h32,,16,val,field
27,caluna,h33,,16,val,field
27,caluna,h34,,16,val,field
27,caluna,h35,,16,val,field
27,caluna,h36,,16,val,field
27,caluna,h37,,16,val,field
27,caluna,h38,,16,val,field
27,caluna,h39,,16,val,field
27,caluna,h40,,16,val,field
